category_id,name,url,status,old_title,new_title,old_meta,new_meta,description_changed,old_google_category,new_google_category,identity_hierarchy_preserved
38335496,Raizes,https://marquesasemijoias.com.br/raizes/,VALIDATED,Raízes Dia das Mães: Amor que Eterniza,Coleção Raízes: Acessórios para Presentear | Marquesa,Descubra a coleção Raízes para o Dia das Mães. Presentes que celebram o amor e a conexão eterna entre mãe e filho.,"Conheça a coleção Raízes da Marquesa: acessórios com temas de afeto e família, em prata 925 e banho de ouro 18k. Escolha uma peça para presentear.",True,Vestuário e acessórios > Joias > Conjuntos de joias > Presente ,Vestuário e acessórios > Joias,True
37324295,Essência,https://marquesasemijoias.com.br/essencia/,VALIDATED,Essência: Dia da Mulher,Coleção Essência com Banho de Ouro 18k | Marquesa,Coleção Essência é uma forma de celebrar a mulher em todas as suas fases. Peças para presentear no Dia das Mulheres com algo que reflita seu brilho único.,"Flores, borboletas e corações na coleção Essência da Marquesa, com banho de ouro 18k. Explore as peças e encontre um detalhe para seu visual.",True,Vestuário e acessórios > Joias > Conjuntos de joias,Vestuário e acessórios > Joias,True
35653665,Coleções,https://marquesasemijoias.com.br/colecoes/,VALIDATED,Coleções Exclusivas de Semijoias em Ouro 18k,"Coleções de Semijoias: Aurum, Elos e Promessas | Marquesa","Descubra coleções sofisticadas com brincos, anéis e colares em banho de ouro 18k. Peças modernas, delicadas e com garantia de qualidade e durabilidade.","Explore as coleções Aurum, Elos de Amor e Promessas da Marquesa. Descubra os modelos de cada seleção e escolha as peças que combinam com seu estilo.",True,Vestuário e acessórios > Joias > Conjuntos de joias,Vestuário e acessórios > Joias > Conjuntos de joias,True
33388484,Aurum,https://marquesasemijoias.com.br/colecoes/aurum/,VALIDATED,Coleção Aurum | Semijoias Exclusivas Marquesa Semijoias,Coleção Aurum: Semijoias com Banho de Ouro 18k | Marquesa,"Coleção Aurum Marquesa Semijoias: elegância e poder em peças banhadas a ouro 18k, criadas para mulheres autênticas e sofisticadas.","Descubra a coleção Aurum da Marquesa, com semijoias banhadas a ouro 18k. Veja anéis, brincos e pulseiras e encontre seu modelo favorito.",True,Vestuário e acessórios > Joias > Colares,Vestuário e acessórios > Joias,True
31033064,Elos de Amor,https://marquesasemijoias.com.br/colecoes/elos-de-amor/,VALIDATED,Elos de Amor – Banho de Ouro 18k que Celebram Conexões Eternas,Coleção Elos de Amor com Banho de Ouro 18k | Marquesa,"A coleção Elos de Amor é mais do que joias — são símbolos de afeto, união e intensidade. Cada peça banhada a ouro 18k foi criada para eternizar os laços mais preciosos da vida: seja entre mãe e filho, casal, amigas ou até mesmo o amor-próprio. Os detalhes sofisticados e o brilho elegante tornam cada peça única",Explore Elos de Amor na Marquesa: peças com banho de ouro 18k para compor seu visual ou presentear. Conheça os desenhos e detalhes da coleção.,True,Artes e entretenimento > Festas e comemorações > Dar presentes,Vestuário e acessórios > Joias,True
35719335,Promessas,https://marquesasemijoias.com.br/colecoes/promessas/,VALIDATED,Semijoias Promessas Natal - Elegância e Brilho,Coleção Promessas: Semijoias para Presentear | Marquesa,"Descubra semijoias Promessas para o Natal, perfeitas para momentos inesquecíveis. Elegância e estilo em cada peça da coleção especial de natal.","Conheça a coleção Promessas da Marquesa e suas opções de semijoias para presentear. Confira o banho, as medidas e os detalhes de cada modelo.",True,Artes e entretenimento > Festas e comemorações > Dar presentes > Embrulhar presentes > Etiquetas para presentes,Vestuário e acessórios > Joias,True
28019396,Anel,https://marquesasemijoias.com.br/anel/,VALIDATED,"Anéis de semijoias banhados a ouro, Comprar anéis delicados online",Anéis com Banho de Ouro 18k e Outros Banhos | Marquesa,"Encontre anéis que são mais que acessórios – são declarações de estilo! Desde o clássico ao moderno, cada peça é criada para dar aquele toque de elegância e sofisticação que transforma qualquer look. Deixe seu estilo brilhar com anéis que dizem muito sobre você.","Compare anéis da Marquesa com banho de ouro 18k e outros acabamentos. Veja aparadores, solitários e modelos com detalhes para compor seu mix.",True,Vestuário e acessórios > Joias > Anéis,Vestuário e acessórios > Joias > Anéis,True
35650540,Brinco,https://marquesasemijoias.com.br/brinco3/,VALIDATED,,"Brincos, Trios, Duplas e Piercings | Marquesa",,"Explore brincos, trios, duplas e piercings da Marquesa. Escolha pelos formatos e confira os materiais e banhos de cada peça antes de comprar.",True,,,True
35650541,Brincos,https://marquesasemijoias.com.br/brinco3/brincos/,VALIDATED,Brincos Elegantes e Modernos | Compre Online,Pares de Brincos com Banho de Ouro 18k | Marquesa,"Descubra brincos estilosos para todas as ocasiões. Design moderno, qualidade e preço acessível. Encontre seu par perfeito aqui!","Encontre pares de brincos na Marquesa, incluindo argolas e modelos com banho de ouro 18k. Confira medidas, desenhos e detalhes para escolher seu par.",True,Vestuário e acessórios > Joias > Brincos,Vestuário e acessórios > Joias > Brincos,True
35650549,Trio e Duplas,https://marquesasemijoias.com.br/brinco3/trio-duo1/,VALIDATED,Trio e Duplas de Brincos - Estilo e Variedade,Trios e Duplas de Brincos com Banho de Ouro 18k | Marquesa,Descubra trio e duplas de brincos incríveis. Perfeitos para qualquer ocasião com designs modernos e variados. Compre acessórios únicos!,Conheça trios e duplas de brincos com banho de ouro 18k na Marquesa. Veja os desenhos que formam cada composição e escolha seu conjunto de acessórios.,True,Vestuário e acessórios > Joias > Conjuntos de joias,Vestuário e acessórios > Joias > Conjuntos de joias,True
35650550,Piercing,https://marquesasemijoias.com.br/brinco3/piercing/,VALIDATED,Piercing Feminino e Masculino - Estilos e Modelos,Piercings para Composição de Acessórios | Marquesa,Encontre piercings em diversos estilos e materiais. Acesse nossa coleção e escolha o piercing ideal para seu estilo com qualidade e preço justo.,"Explore os piercings da Marquesa, incluindo modelos fake. Confira o tipo, o material e o banho de cada peça para completar sua composição de acessórios.",True,Vestuário e acessórios > Joias > Joias para o corpo,Vestuário e acessórios > Joias > Joias para o corpo,True
32508765,Berloque,https://marquesasemijoias.com.br/berloque/,VALIDATED,Berloques em Ouro e Prata | Charms Delicados e Personalizados,Berloques com Banho de Ouro e Prata | Marquesa,Berloques delicados em ouro 18k e prata 925 para personalizar sua pulseira com estilo e significado. Encontre charms exclusivos e organize com separadores e travas.,"Personalize sua pulseira com berloques da Marquesa em diferentes temas, com banho de ouro ou prata. Veja também os modelos de separadores e travas.",True,Vestuário e acessórios > Joias > Amuletos e pingentes,Vestuário e acessórios > Joias > Amuletos e pingentes,True
35653666,Colar,https://marquesasemijoias.com.br/colar/,VALIDATED,Colares de Semijoias Elegantes,Colares e Chokers com Banho de Ouro 18k | Marquesa,Descubra colares de semijoias sofisticados para realçar seu estilo com charme e qualidade. Perfeitos para todas as ocasiões.,"Conheça colares, chokers e correntes da Marquesa com banho de ouro 18k e outros acabamentos. Compare comprimentos e desenhos para compor seu visual.",True,Vestuário e acessórios > Joias > Colares,Vestuário e acessórios > Joias > Colares,True
28019915,Infantil,https://marquesasemijoias.com.br/infantil/,VALIDATED,"Joias infantis de alta qualidade, Joias para crianças banhadas a ouro",Acessórios Infantis em Prata 925 e Banhados | Marquesa,"Semijoias para os pequenos brilharem! Nossas peças infantis são delicadas, seguras e perfeitas para ocasiões especiais ou para usar no dia a dia. Deixe a magia das joias transformar os momentos das crianças em lembranças inesquecíveis.",Veja acessórios infantis da Marquesa em prata 925 e com banho de ouro 18k. Explore as seleções feminina e masculina e confira os detalhes de cada peça.,True,Vestuário e acessórios > Acessórios para roupas > Acessórios de roupas para bebês e crianças,Vestuário e acessórios > Acessórios para roupas > Acessórios de roupas para bebês e crianças,True
28019930,Feminino,https://marquesasemijoias.com.br/infantil/feminino/,VALIDATED,,Acessórios Infantis Femininos | Marquesa,,"Descubra acessórios infantis femininos na Marquesa, com desenhos delicados em prata 925 e peças banhadas. Veja as medidas e características de cada modelo.",True,,,True
28019931,Masculino,https://marquesasemijoias.com.br/infantil/infantil-masculino/,VALIDATED,,Acessórios Infantis Masculinos | Marquesa,,"Conheça os acessórios infantis masculinos da Marquesa. Compare os modelos e consulte as medidas, os materiais e os banhos informados para cada peça.",True,,,True
28019937,Pulseira,https://marquesasemijoias.com.br/pulseira/,VALIDATED,"Pulseiras delicadas para mulheres, Pulseiras delicadas para mulheres",Pulseiras e Braceletes com Diferentes Banhos | Marquesa,"Pulseiras que abraçam seu estilo! Do simples ao sofisticado, nossas pulseiras adicionam aquele toque único que você procura. Misture, combine e crie um look cheio de personalidade, garantindo que seu estilo esteja sempre em destaque.","Explore pulseiras e braceletes da Marquesa, com modelos de elos, rivieras e banho de ouro 18k. Veja os comprimentos e detalhes para compor seu pulso.",True,Vestuário e acessórios > Joias > Pulseiras,Vestuário e acessórios > Joias > Pulseiras,True
32545254,Bracelete,https://marquesasemijoias.com.br/pulseira/braceletes/,VALIDATED,Braceletes Femininos Elegantes com Banho de Ouro 18k,Braceletes com Banho de Ouro 18k | Marquesa,"Descubra braceletes delicados, modernos e sofisticados com banho de ouro 18k e prata 925. Designs elegantes para realçar seu estilo todos os dias.","Veja o bracelete com banho de ouro 18k da Marquesa. Confira o desenho, as medidas e as informações da peça para complementar sua composição no pulso.",True,Vestuário e acessórios > Joias > Acessórios para relógios > Pulseiras para relógio,Vestuário e acessórios > Joias > Acessórios para relógios > Pulseiras para relógio,True
28320233,Prata 925,https://marquesasemijoias.com.br/prata-925/,VALIDATED,Joias em Prata 925 - Elegância e Sofisticação,"Joias em Prata 925: Anéis, Brincos e Colares | Marquesa","Descubra nossa coleção de joias em Prata 925, perfeitas para qualquer ocasião. Delicadeza e brilho em cada peça, com garantia vitalícia de qualidade.","Explore a seleção em prata 925 da Marquesa: anéis, brincos, colares, pulseiras e conjuntos. Compare desenhos e medidas para encontrar sua próxima peça.",True,Vestuário e acessórios > Joias,Vestuário e acessórios > Joias,True
33957713,Anel,https://marquesasemijoias.com.br/prata-925/anel1/,VALIDATED,,Anéis em Prata 925 | Marquesa,,"Escolha entre os anéis em prata 925 da Marquesa. Veja os desenhos, os detalhes das peças e os aros disponíveis para montar sua composição de acessórios.",True,,,True
33957714,Brinco,https://marquesasemijoias.com.br/prata-925/brinco1/,VALIDATED,,Brincos em Prata 925 | Marquesa,,"Conheça os brincos em prata 925 da Marquesa. Explore motivos, formatos e medidas de cada par e encontre o desenho que combina com sua composição.",True,,,True
33957715,Colar,https://marquesasemijoias.com.br/prata-925/colar1/,VALIDATED,,Colares em Prata 925 | Marquesa,,"Explore colares e correntes em prata 925 na Marquesa. Confira comprimentos, pingentes e detalhes de cada peça antes de escolher seu próximo acessório.",True,,,True
33957716,Pulseira,https://marquesasemijoias.com.br/prata-925/pulseira1/,VALIDATED,,Pulseiras em Prata 925 | Marquesa,,"Conheça as pulseiras em prata 925 da Marquesa. Veja os desenhos, os comprimentos e os detalhes de cada modelo para escolher sua composição no pulso.",True,,,True
33957837,Conjuntos,https://marquesasemijoias.com.br/prata-925/conjuntos1/,VALIDATED,,Conjuntos em Prata 925 | Marquesa,,"Veja os conjuntos em prata 925 da Marquesa. Confira quais peças integram cada modelo, seus desenhos e medidas para montar uma composição coordenada.",True,,,True
28611112,Masculino,https://marquesasemijoias.com.br/masculino/,VALIDATED,Acessórios Masculinos em Prata e Aço Inoxidável,Acessórios Masculinos: Colares e Pulseiras | Marquesa,"Explore nossa seleção de acessórios masculinos, incluindo pingentes e colares em prata 925 e aço inoxidável, perfeitos para qualquer ocasião.","Explore colares, pulseiras e outros acessórios masculinos da Marquesa em prata 925, aço inox e peças banhadas. Compare os detalhes e escolha seu modelo.",True,Vestuário e acessórios > Joias,Vestuário e acessórios > Joias,True
28957520,Presentes,https://marquesasemijoias.com.br/conjuntos/,VALIDATED,Conjuntos de Joias para Presentes Especiais,Presentes em Prata 925 e Semijoias | Marquesa,Descubra conjuntos de joias perfeitos para presentear. Surpreenda com elegância e estilo em cada ocasião. Compre agora e encante quem ama!,"Encontre uma opção de presente na Marquesa, entre peças em prata 925 e semijoias com banho de ouro 18k. Veja os desenhos e detalhes desta seleção.",True,Artes e entretenimento > Festas e comemorações > Dar presentes > Embrulhar presentes > Etiquetas para presentes,Vestuário e acessórios > Joias > Conjuntos de joias,True
