offer_id,product_url,image_url,requested_width,height,action
273974,https://marquesasemijoias.com.br/produtos/pingente-e-separador-menino-zirconia-banho-de-prata-wt21b/,https://dcdn-us.mitiendanube.com/stores/005/134/350/products/11cdba18-c4c3-4db7-befe-ca458e3b009d-e30a6269b6c1b6e64617768021803891-480-0.webp,480,CDN auto; measured source dimensions separate,Use larger existing original/derivative in feed when source supports it; no visual image change
152089,https://marquesasemijoias.com.br/produtos/brinco-infantil-joaninha-prata-925/,https://dcdn-us.mitiendanube.com/stores/005/134/350/products/design-sem-nome-zip-2-4bc5f6824a3e4a7a3f17567109037241-480-0.webp,480,CDN auto; measured source dimensions separate,Use larger existing original/derivative in feed when source supports it; no visual image change
332501,https://marquesasemijoias.com.br/produtos/pulseira-elos-portugueses-banho-de-ouro-18k/,https://dcdn-us.mitiendanube.com/stores/005/134/350/products/design-sem-nome-zip-3-53f3042f6617152b0417563441215785-480-0.webp,480,CDN auto; measured source dimensions separate,Use larger existing original/derivative in feed when source supports it; no visual image change
373309,https://marquesasemijoias.com.br/produtos/pulseira-minis-elos-trabalhados-banho-de-ouro-18k-aqbmn/,https://dcdn-us.mitiendanube.com/stores/005/134/350/products/8b029740-a598-4907-8949-75714cdc507e-719142369767b7b65217709840467231-480-0.webp,480,CDN auto; measured source dimensions separate,Use larger existing original/derivative in feed when source supports it; no visual image change
136011,https://marquesasemijoias.com.br/produtos/argola-coracao-cristal-p-banho-de-ouro-18k/,https://dcdn-us.mitiendanube.com/stores/005/134/350/products/40fdee9f-f6b1-4529-be36-d6632e683ec6-7a92e701c59a488e4617859847362618-480-0.webp,480,CDN auto; measured source dimensions separate,Use larger existing original/derivative in feed when source supports it; no visual image change
377105,https://marquesasemijoias.com.br/produtos/pulseira-coracao-vazado-banho-de-ouro-18k1/,https://dcdn-us.mitiendanube.com/stores/005/134/350/products/untitled-design-2f47256bf8c14fb35917576801958285-480-0.webp,480,CDN auto; measured source dimensions separate,Use larger existing original/derivative in feed when source supports it; no visual image change
440095,https://marquesasemijoias.com.br/produtos/pulseira-elos-cadeado-banho-de-prata/,https://dcdn-us.mitiendanube.com/stores/005/134/350/products/img_9486-9c5506d76b2153fca417575849450488-480-0.webp,480,CDN auto; measured source dimensions separate,Use larger existing original/derivative in feed when source supports it; no visual image change
347249,https://marquesasemijoias.com.br/produtos/pulseira-borboleta-preta-banho-de-ouro-18k/,https://dcdn-us.mitiendanube.com/stores/005/134/350/products/design-sem-nome-dc76cf7473dcd7254b17582261220411-480-0.webp,480,CDN auto; measured source dimensions separate,Use larger existing original/derivative in feed when source supports it; no visual image change
375786,https://marquesasemijoias.com.br/produtos/pulseira-coracao-zirconia-cristal-banho-de-ouro-18k-qmn4i/,https://dcdn-us.mitiendanube.com/stores/005/134/350/products/8ef75f4d-64cf-4821-a9d3-8532a4333c5b-c60cf7ac707292073817726979596867-480-0.webp,480,CDN auto; measured source dimensions separate,Use larger existing original/derivative in feed when source supports it; no visual image change
771536,https://marquesasemijoias.com.br/produtos/colar-quadrado-perolado-cravejado-banho-de-ouro-18k/,https://dcdn-us.mitiendanube.com/stores/005/134/350/products/design-sem-nome-c4d96abe79bde927a117574445730061-480-0.webp,480,CDN auto; measured source dimensions separate,Use larger existing original/derivative in feed when source supports it; no visual image change
234791,https://marquesasemijoias.com.br/produtos/berloque-filho-menino-banho-de-ouro-18k-6skae/,https://dcdn-us.mitiendanube.com/stores/005/134/350/products/design-sem-nome-zip-11-ef407b6cc17daab39017636661071701-480-0.webp,480,CDN auto; measured source dimensions separate,Use larger existing original/derivative in feed when source supports it; no visual image change
220706,https://marquesasemijoias.com.br/produtos/berloque-barco-a-vela-banho-de-prata-fs7nz/,https://dcdn-us.mitiendanube.com/stores/005/134/350/products/design-sem-nome-zip-4-b6bd64ad6dd6641ce517636565293461-480-0.webp,480,CDN auto; measured source dimensions separate,Use larger existing original/derivative in feed when source supports it; no visual image change
853432,https://marquesasemijoias.com.br/produtos/colar-choker-elos-grandes-banho-de-ouro-18k-m9sm5/,https://dcdn-us.mitiendanube.com/stores/005/134/350/products/design-sem-nome-zip-6-2f9c2c38820baa395417624161578332-480-0.webp,480,CDN auto; measured source dimensions separate,Use larger existing original/derivative in feed when source supports it; no visual image change
762280,https://marquesasemijoias.com.br/produtos/anel-regulavel-meia-bola-banho-de-prata/?variant=1256861583&pf=mc,https://dcdn-us.mitiendanube.com/stores/005/134/350/products/2e367a9a-890d-4c30-a5ee-b614408bd4ec-d2a74f85dece52520c17575877458117-480-0.webp,480,CDN auto; measured source dimensions separate,Use larger existing original/derivative in feed when source supports it; no visual image change
626317,https://marquesasemijoias.com.br/produtos/pulseira-malha-banho-de-ouro-18k1/,https://dcdn-us.mitiendanube.com/stores/005/134/350/products/design-sem-nome-zip-1-887e7178d8be906f5417592419453287-480-0.webp,480,CDN auto; measured source dimensions separate,Use larger existing original/derivative in feed when source supports it; no visual image change
384225,https://marquesasemijoias.com.br/produtos/piercing-circulos-zirconias-incolor-banho-de-ouro-18k/,https://dcdn-us.mitiendanube.com/stores/005/134/350/products/design-sem-nome-zip-3-f62770fb24a310729e17578902020057-480-0.webp,480,CDN auto; measured source dimensions separate,Use larger existing original/derivative in feed when source supports it; no visual image change
157685,https://marquesasemijoias.com.br/produtos/trio-gotinha-de-perola-esfera-e-ponto-de-luz-banho-de-ouro-18k-wcela/,https://dcdn-us.mitiendanube.com/stores/005/134/350/products/sardinha-e-2-63ab1c8b78fd98d3db17676543984758-480-0.webp,480,CDN auto; measured source dimensions separate,Use larger existing original/derivative in feed when source supports it; no visual image change
159930,https://marquesasemijoias.com.br/produtos/brincos-pontos-de-luz-grande-verde-banho-de-ouro/,https://dcdn-us.mitiendanube.com/stores/005/134/350/products/6f41275c-c72c-4616-b8e1-39304966b82e-0329192339f86e2b0117860283558154-480-0.webp,480,CDN auto; measured source dimensions separate,Use larger existing original/derivative in feed when source supports it; no visual image change
340373,https://marquesasemijoias.com.br/produtos/pulseira-coracao-esticadinho-cravejado-banho-de-ouro-18k/,https://dcdn-us.mitiendanube.com/stores/005/134/350/products/2e4df3bc-c060-45dd-a41e-d19bd5f577ad-4714fb70bd285320e917582326944385-480-0.webp,480,CDN auto; measured source dimensions separate,Use larger existing original/derivative in feed when source supports it; no visual image change
277069,https://marquesasemijoias.com.br/produtos/berloque-separador-minnie-e-mickey-banho-de-prata-cdkqh/,https://dcdn-us.mitiendanube.com/stores/005/134/350/products/design-sem-nome-zip-9-a2c7c0bbd5935b294617634050896679-480-0.webp,480,CDN auto; measured source dimensions separate,Use larger existing original/derivative in feed when source supports it; no visual image change
215328,https://marquesasemijoias.com.br/produtos/piercing-texturizado-banho-de-ouro-18k-rzvh7/,https://dcdn-us.mitiendanube.com/stores/005/134/350/products/design-sem-nome-zip-2-2157a72b1c6b4e882a17636475481692-480-0.webp,480,CDN auto; measured source dimensions separate,Use larger existing original/derivative in feed when source supports it; no visual image change
132944,https://marquesasemijoias.com.br/produtos/argola-media-cravejada-banho-de-ouro-18k-k9wwe/,https://dcdn-us.mitiendanube.com/stores/005/134/350/products/sardinha-e-3-565626d4411b790b5f17793051370548-480-0.webp,480,CDN auto; measured source dimensions separate,Use larger existing original/derivative in feed when source supports it; no visual image change
653532,https://marquesasemijoias.com.br/produtos/colar-gargantilha-borboleta-vazado-cravejado-prata-925-9mijk/,https://dcdn-us.mitiendanube.com/stores/005/134/350/products/design-sem-nome-3-ff1fed85a9b3bc849a17858515164630-480-0.webp,480,CDN auto; measured source dimensions separate,Use larger existing original/derivative in feed when source supports it; no visual image change
328267,https://marquesasemijoias.com.br/produtos/anel-duplo-zirconia-v-com-solitario-prata-925/,https://dcdn-us.mitiendanube.com/stores/005/134/350/products/design-sem-nome-zip-25-edaf06fdea19dbab8717583877289289-480-0.webp,480,CDN auto; measured source dimensions separate,Use larger existing original/derivative in feed when source supports it; no visual image change
656140,https://marquesasemijoias.com.br/produtos/brinco-pequeno-tartaruga-cravejada-prata-925/,https://dcdn-us.mitiendanube.com/stores/005/134/350/products/design-sem-nome-zip-2-1711b1b3f1111e9eb617564935981806-480-0.webp,480,CDN auto; measured source dimensions separate,Use larger existing original/derivative in feed when source supports it; no visual image change
243534,https://marquesasemijoias.com.br/produtos/berloque-taca-de-vinho-banho-de-ouro-18k-wn19s/,https://dcdn-us.mitiendanube.com/stores/005/134/350/products/design-sem-nome-zip-2-8c3abb432afad4930317636668729202-480-0.webp,480,CDN auto; measured source dimensions separate,Use larger existing original/derivative in feed when source supports it; no visual image change
520638,https://marquesasemijoias.com.br/produtos/pulseira-mini-coracoes-banho-de-ouro-18k/,https://dcdn-us.mitiendanube.com/stores/005/134/350/products/design-sem-nome-e47fbfbe88bf64bcd117576799864607-480-0.webp,480,CDN auto; measured source dimensions separate,Use larger existing original/derivative in feed when source supports it; no visual image change
795008,https://marquesasemijoias.com.br/produtos/colar-relicario-coracao-banho-de-ouro-18k-58wu0/,https://dcdn-us.mitiendanube.com/stores/005/134/350/products/sardinha-e-8-64ad3378aea539993817803542845962-480-0.webp,480,CDN auto; measured source dimensions separate,Use larger existing original/derivative in feed when source supports it; no visual image change
276193,https://marquesasemijoias.com.br/produtos/pulseira-dupla-cruz-e-zirconias-banho-de-ouro-18k-4e590/,https://dcdn-us.mitiendanube.com/stores/005/134/350/products/d2b1c9d0-7922-4e37-a4d7-0bd3319a856e-0937116792360af90d17709842685603-480-0.webp,480,CDN auto; measured source dimensions separate,Use larger existing original/derivative in feed when source supports it; no visual image change
365363,https://marquesasemijoias.com.br/produtos/pulseira-esfera-oval-texturizada-banho-de-ouro-18k/,https://dcdn-us.mitiendanube.com/stores/005/134/350/products/2edd2d29-a340-493a-b941-71e117d26970-3ee4970bbb415d8ebf17574456417523-480-0.webp,480,CDN auto; measured source dimensions separate,Use larger existing original/derivative in feed when source supports it; no visual image change
198174,https://marquesasemijoias.com.br/produtos/dupla-argola-lisa-e-argola-zig-zag-banho-de-ouro-18k/,https://dcdn-us.mitiendanube.com/stores/005/134/350/products/c631df73-a65c-4894-ab0b-1cc1e3bbadb4-95ee053e33ce12baa417859833011401-480-0.webp,480,CDN auto; measured source dimensions separate,Use larger existing original/derivative in feed when source supports it; no visual image change
212452,https://marquesasemijoias.com.br/produtos/berloque-coca-cola-resinada-banho-de-ouro-18k-jstpo/,https://dcdn-us.mitiendanube.com/stores/005/134/350/products/design-sem-nome-zip-2-8264fad6049a7084b617636882125912-480-0.webp,480,CDN auto; measured source dimensions separate,Use larger existing original/derivative in feed when source supports it; no visual image change
213105,https://marquesasemijoias.com.br/produtos/berloque-separador-brigadeiro-banho-de-prata-2trv9/,https://dcdn-us.mitiendanube.com/stores/005/134/350/products/design-sem-nome-7-055e5b8ffc43eaf4cf17637391173074-480-0.webp,480,CDN auto; measured source dimensions separate,Use larger existing original/derivative in feed when source supports it; no visual image change
116764,https://marquesasemijoias.com.br/produtos/brinco-estrela-zirconias-incolor-banho-de-ouro-18k/,https://dcdn-us.mitiendanube.com/stores/005/134/350/products/9f3ca6e2-85b8-4085-b446-2319e44cc8de-654710b91af06aff1117592431657422-480-0.webp,480,CDN auto; measured source dimensions separate,Use larger existing original/derivative in feed when source supports it; no visual image change
273971,https://marquesasemijoias.com.br/produtos/pingente-e-separador-menina-zirconia-banho-de-ouro-18k-q0bif/,https://dcdn-us.mitiendanube.com/stores/005/134/350/products/a144cf43-f200-44c3-90d9-0c956b70dd08-f75e436f89c9c4407a17766316707233-480-0.webp,480,CDN auto; measured source dimensions separate,Use larger existing original/derivative in feed when source supports it; no visual image change
693796,https://marquesasemijoias.com.br/produtos/pulseira-cordao-baiano-banho-de-ouro-18k2/,https://dcdn-us.mitiendanube.com/stores/005/134/350/products/1bc7d826-3f6a-4254-9c61-529b3e421dc9-b7d4b024cc62f3f4bf17576782256358-480-0.webp,480,CDN auto; measured source dimensions separate,Use larger existing original/derivative in feed when source supports it; no visual image change
222759,https://marquesasemijoias.com.br/produtos/berloque-separador-zirconias-cravejadas-banho-de-ouro-18k-3hxc4/,https://dcdn-us.mitiendanube.com/stores/005/134/350/products/design-sem-nome-zip-1-6546a33db0d720836b17636478753523-480-0.webp,480,CDN auto; measured source dimensions separate,Use larger existing original/derivative in feed when source supports it; no visual image change
239278,https://marquesasemijoias.com.br/produtos/berloque-mapa-aviao-e-passaporte-banho-de-ouro-18k-jyibz/,https://dcdn-us.mitiendanube.com/stores/005/134/350/products/design-sem-nome-zip-9-dafd82ebd15533312f17636566965241-480-0.webp,480,CDN auto; measured source dimensions separate,Use larger existing original/derivative in feed when source supports it; no visual image change
649597,https://marquesasemijoias.com.br/produtos/pingente-menina-cravejada-banho-de-ouro-18k-222tf/,https://dcdn-us.mitiendanube.com/stores/005/134/350/products/8e8463a6-4397-4769-a2bf-02243e9d4e41-1256455b8ae61b1e7c17768876292874-480-0.webp,480,CDN auto; measured source dimensions separate,Use larger existing original/derivative in feed when source supports it; no visual image change
382082,https://marquesasemijoias.com.br/produtos/colar-masculino-grumet-prata-925-6blde/,https://dcdn-us.mitiendanube.com/stores/005/134/350/products/design-sem-nome-1-377847a0a94e155fe917858512927697-480-0.webp,480,CDN auto; measured source dimensions separate,Use larger existing original/derivative in feed when source supports it; no visual image change
238998,https://marquesasemijoias.com.br/produtos/conjunto-ponto-de-luz-redondo-prata-925-1y0lp/,https://dcdn-us.mitiendanube.com/stores/005/134/350/products/c67a98ed-d9db-4628-b53f-2cdc6d8fc8f7-3bbcc376f6d9fc610417768064881021-480-0.webp,480,CDN auto; measured source dimensions separate,Use larger existing original/derivative in feed when source supports it; no visual image change
425135,https://marquesasemijoias.com.br/produtos/colar-arredondado-com-cavalo-e-ferradura-banho-de-ouro-18k-udr93/?variant=1367849330&pf=mc,https://dcdn-us.mitiendanube.com/stores/005/134/350/products/design-sem-nome-zip-2-e07c40820b4ff5900817624233430928-480-0.webp,480,CDN auto; measured source dimensions separate,Use larger existing original/derivative in feed when source supports it; no visual image change
161114,https://marquesasemijoias.com.br/produtos/brinco-coracao-turmalina-p-banho-de-ouro-18k/,https://dcdn-us.mitiendanube.com/stores/005/134/350/products/design-sem-nome-16-13539356d07a0fc92817859848497867-480-0.webp,480,CDN auto; measured source dimensions separate,Use larger existing original/derivative in feed when source supports it; no visual image change
249413,https://marquesasemijoias.com.br/produtos/berloque-separador-vazado-com-zirconias-banho-de-ouro-18k-rmpdc/,https://dcdn-us.mitiendanube.com/stores/005/134/350/products/design-sem-nome-zip-6-52989943b9d06fedc817634049935198-480-0.webp,480,CDN auto; measured source dimensions separate,Use larger existing original/derivative in feed when source supports it; no visual image change
164205,https://marquesasemijoias.com.br/produtos/brinco-infantil-coracoes-banho-de-ouro-18k-ncvli/,https://dcdn-us.mitiendanube.com/stores/005/134/350/products/sardinha-e-1-97d67130d66a5ded6117659918259751-480-0.webp,480,CDN auto; measured source dimensions separate,Use larger existing original/derivative in feed when source supports it; no visual image change
268267,https://marquesasemijoias.com.br/produtos/berloque-separador-zirconias-cravejadas-banho-de-prata-08047/,https://dcdn-us.mitiendanube.com/stores/005/134/350/products/design-sem-nome-zip-4-b35438031cbf4339fa17636480199469-480-0.webp,480,CDN auto; measured source dimensions separate,Use larger existing original/derivative in feed when source supports it; no visual image change
185150,https://marquesasemijoias.com.br/produtos/brinco-oval-turmalina-azul-claro-prata-925/,https://dcdn-us.mitiendanube.com/stores/005/134/350/products/design-sem-nome-zip-5-1563a632d3857fd25d17583912619326-480-0.webp,480,CDN auto; measured source dimensions separate,Use larger existing original/derivative in feed when source supports it; no visual image change
234635,https://marquesasemijoias.com.br/produtos/pulseira-pequenos-elos-banho-de-rodio-branco/,https://dcdn-us.mitiendanube.com/stores/005/134/350/products/design-sem-nome-zip-1-5a4598c823f5e7a68317579231424376-480-0.webp,480,CDN auto; measured source dimensions separate,Use larger existing original/derivative in feed when source supports it; no visual image change
786858,https://marquesasemijoias.com.br/produtos/pulseira-de-berloques-fecho-coracao-prata-925-1crik/,https://dcdn-us.mitiendanube.com/stores/005/134/350/products/design-sem-nome-4-8a60ed549745801ddf17858514664751-480-0.webp,480,CDN auto; measured source dimensions separate,Use larger existing original/derivative in feed when source supports it; no visual image change
387095,https://marquesasemijoias.com.br/produtos/anel-coracoes-liso-banho-de-ouro-18k-e-rodio-branco/,https://dcdn-us.mitiendanube.com/stores/005/134/350/products/design-sem-nome-eed2e82bc25a78cfcf17580985014183-480-0.webp,480,CDN auto; measured source dimensions separate,Use larger existing original/derivative in feed when source supports it; no visual image change
103578,https://marquesasemijoias.com.br/produtos/argola-retangular-zirconias-banho-de-ouro-18k-t4gql/,https://dcdn-us.mitiendanube.com/stores/005/134/350/products/sardinha-e-4-f94ad6148a8224934017709849746071-480-0.webp,480,CDN auto; measured source dimensions separate,Use larger existing original/derivative in feed when source supports it; no visual image change
428416,https://marquesasemijoias.com.br/produtos/pulseira-zirconias-coloridas-banho-de-ouro-18k-4ii19/,https://dcdn-us.mitiendanube.com/stores/005/134/350/products/sardinha-e-2-74281c54d713a1756917676548806627-480-0.webp,480,CDN auto; measured source dimensions separate,Use larger existing original/derivative in feed when source supports it; no visual image change
205769,https://marquesasemijoias.com.br/produtos/berloque-filho-menino-banho-de-prata-imy49/,https://dcdn-us.mitiendanube.com/stores/005/134/350/products/design-sem-nome-zip-2-be9097a27d8faa9d0d17636699402704-480-0.webp,480,CDN auto; measured source dimensions separate,Use larger existing original/derivative in feed when source supports it; no visual image change
259762,https://marquesasemijoias.com.br/produtos/colar-coracao-alongado-cravejado-banho-de-ouro-18k/,https://dcdn-us.mitiendanube.com/stores/005/134/350/products/design-sem-nome-zip-5-f82abfcb0ab50c5d9417563938504053-480-0.webp,480,CDN auto; measured source dimensions separate,Use larger existing original/derivative in feed when source supports it; no visual image change
306595,https://marquesasemijoias.com.br/produtos/argola-media-torcida-banho-de-prata/,https://dcdn-us.mitiendanube.com/stores/005/134/350/products/img_9497-57198ae7df90b032b817575872261782-480-0.webp,480,CDN auto; measured source dimensions separate,Use larger existing original/derivative in feed when source supports it; no visual image change
150914,https://marquesasemijoias.com.br/produtos/brinco-coracao-rubi-cravejado-prata-925/,https://dcdn-us.mitiendanube.com/stores/005/134/350/products/design-sem-nome-zip-8-6eb8122aeb9ba9b73c17583930573411-480-0.webp,480,CDN auto; measured source dimensions separate,Use larger existing original/derivative in feed when source supports it; no visual image change
693193,https://marquesasemijoias.com.br/produtos/colar-elos-forma-de-u-banho-de-prata/,https://dcdn-us.mitiendanube.com/stores/005/134/350/products/img_9493-84869ab124f61bd36e17575867954714-480-0.webp,480,CDN auto; measured source dimensions separate,Use larger existing original/derivative in feed when source supports it; no visual image change
362185,https://marquesasemijoias.com.br/produtos/colar-esferas-coracao-banho-de-ouro-18k/,https://dcdn-us.mitiendanube.com/stores/005/134/350/products/9d39cb4a-3c0f-47e8-aee9-835373c83350-21b905363d0232122717574453892423-480-0.webp,480,CDN auto; measured source dimensions separate,Use larger existing original/derivative in feed when source supports it; no visual image change
167732,https://marquesasemijoias.com.br/produtos/brinco-gota-amassada-banho-de-ouro-18k/,https://dcdn-us.mitiendanube.com/stores/005/134/350/products/design-sem-nome-8-919edd4a5113ccf07817859820233737-480-0.webp,480,CDN auto; measured source dimensions separate,Use larger existing original/derivative in feed when source supports it; no visual image change
123741,https://marquesasemijoias.com.br/produtos/brinco-coracao-pendurado-prata-925-y1ioe/,https://dcdn-us.mitiendanube.com/stores/005/134/350/products/0f907d73-9203-438b-acc4-6fd5944b756e-3e521cdb9d806498d617811053844512-480-0.webp,480,CDN auto; measured source dimensions separate,Use larger existing original/derivative in feed when source supports it; no visual image change
718220,https://marquesasemijoias.com.br/produtos/pingente-menino-cravejada-banho-de-prata-zjn9i/,https://dcdn-us.mitiendanube.com/stores/005/134/350/products/c2f46c02-1aa1-4875-81bf-e6e823863712-4cea0984984b972c8017768819835918-480-0.webp,480,CDN auto; measured source dimensions separate,Use larger existing original/derivative in feed when source supports it; no visual image change
115888,https://marquesasemijoias.com.br/produtos/brinco-esfera-e-ninho-liso-banho-de-ouro-18k/,https://dcdn-us.mitiendanube.com/stores/005/134/350/products/design-sem-nome-zip-2-82fd03d938b2ec45f517579286234420-480-0.webp,480,CDN auto; measured source dimensions separate,Use larger existing original/derivative in feed when source supports it; no visual image change
148564,https://marquesasemijoias.com.br/produtos/brinco-coracao-preto-banho-de-ouro-18k/,https://dcdn-us.mitiendanube.com/stores/005/134/350/products/design-sem-nome-9-fb0fde45ce9fb399db17859824602024-480-0.webp,480,CDN auto; measured source dimensions separate,Use larger existing original/derivative in feed when source supports it; no visual image change
198474,https://marquesasemijoias.com.br/produtos/brinco-flor-1sh5k/,https://dcdn-us.mitiendanube.com/stores/005/134/350/products/sardinha-e-2-7fdfb310d6cbfcd9ac17725829957345-480-0.webp,480,CDN auto; measured source dimensions separate,Use larger existing original/derivative in feed when source supports it; no visual image change
271371,https://marquesasemijoias.com.br/produtos/pulseira-coracao-e-medalha-seja-luz-banho-de-ouro-18k-g0emr/,https://dcdn-us.mitiendanube.com/stores/005/134/350/products/sardinha-e-4-75ec8520ad7cb79cb917803541055039-480-0.webp,480,CDN auto; measured source dimensions separate,Use larger existing original/derivative in feed when source supports it; no visual image change
175799,https://marquesasemijoias.com.br/produtos/argola-click-fina-banho-de-ouro-18k/,https://dcdn-us.mitiendanube.com/stores/005/134/350/products/f7686e97-cfab-4609-a012-8da6482924cd-5a40dafcebd821a94b17576779091107-480-0.webp,480,CDN auto; measured source dimensions separate,Use larger existing original/derivative in feed when source supports it; no visual image change
352236,https://marquesasemijoias.com.br/produtos/pulseira-cordao-baiano-fina-prata-925/,https://dcdn-us.mitiendanube.com/stores/005/134/350/products/design-sem-nome-ddd43ba03719b6ad9b17585552982243-480-0.webp,480,CDN auto; measured source dimensions separate,Use larger existing original/derivative in feed when source supports it; no visual image change
257482,https://marquesasemijoias.com.br/produtos/berloque-separador-coracao-banho-de-ouro-18k/,https://dcdn-us.mitiendanube.com/stores/005/134/350/products/design-sem-nome-zip-17-76ddd87630303ca03617631063654731-480-0.webp,480,CDN auto; measured source dimensions separate,Use larger existing original/derivative in feed when source supports it; no visual image change
426964,https://marquesasemijoias.com.br/produtos/colar-trevo-zirconia-rosa-claro-banho-de-prata-1rwag/,https://dcdn-us.mitiendanube.com/stores/005/134/350/products/9a3bb8fa-137b-4b87-b941-e8524f334440-0c54bd9465e83f276a17811023232816-480-0.webp,480,CDN auto; measured source dimensions separate,Use larger existing original/derivative in feed when source supports it; no visual image change
443162,https://marquesasemijoias.com.br/produtos/colar-menina-cravejada-banho-de-ouro-18k-1slvh/,https://dcdn-us.mitiendanube.com/stores/005/134/350/products/sardinha-e-3-488c310afad97ae07e17767866131714-480-0.webp,480,CDN auto; measured source dimensions separate,Use larger existing original/derivative in feed when source supports it; no visual image change
396903,https://marquesasemijoias.com.br/produtos/pulseira-veneziana-quatro-lados-banho-de-ouro-18k-1wwzz/,https://dcdn-us.mitiendanube.com/stores/005/134/350/products/99045253-0d6d-454c-8317-c0918d4610e8-c1c6caefb59529e28817766315082954-480-0.webp,480,CDN auto; measured source dimensions separate,Use larger existing original/derivative in feed when source supports it; no visual image change
264154,https://marquesasemijoias.com.br/produtos/anel-regulavel-coracao-cravejado-banho-de-ouro-18k-mkoi1/,https://dcdn-us.mitiendanube.com/stores/005/134/350/products/design-sem-nome-1-0fdce2e09f7686278f17858648726650-480-0.webp,480,CDN auto; measured source dimensions separate,Use larger existing original/derivative in feed when source supports it; no visual image change
583117,https://marquesasemijoias.com.br/produtos/pulseira-elos-masculino-banho-de-ouro-18k/,https://dcdn-us.mitiendanube.com/stores/005/134/350/products/design-sem-nome-zip-4-caa08e807ce0029c4f17580939476206-480-0.webp,480,CDN auto; measured source dimensions separate,Use larger existing original/derivative in feed when source supports it; no visual image change
586903,https://marquesasemijoias.com.br/produtos/colar-peixe-liso-banho-de-ouro-18k-qyy78/,https://dcdn-us.mitiendanube.com/stores/005/134/350/products/design-sem-nome-zip-5-714722b884a8f6c8e917624165738288-480-0.webp,480,CDN auto; measured source dimensions separate,Use larger existing original/derivative in feed when source supports it; no visual image change
257258,https://marquesasemijoias.com.br/produtos/anel-infinito-liso-e-zirconias-banho-de-ouro-18k-14iyo/,https://dcdn-us.mitiendanube.com/stores/005/134/350/products/b8d79797-31f8-4f07-ab39-feb426a9a1ef-3140cce57b182fcd8317766314198522-480-0.webp,480,CDN auto; measured source dimensions separate,Use larger existing original/derivative in feed when source supports it; no visual image change
718221,https://marquesasemijoias.com.br/produtos/pingente-menino-cravejada-banho-de-ouro-18k-115v8/,https://dcdn-us.mitiendanube.com/stores/005/134/350/products/16beb6f3-8108-448a-80ee-d0affd081d3d-062a07cf1924ddfe2b17768876617671-480-0.webp,480,CDN auto; measured source dimensions separate,Use larger existing original/derivative in feed when source supports it; no visual image change
125849,https://marquesasemijoias.com.br/produtos/brinco-borboleta-zirconias-incolor-banho-de-ouro-18k/,https://dcdn-us.mitiendanube.com/stores/005/134/350/products/design-sem-nome-zip-11-0da3c1552cbd8337d817594273620822-480-0.webp,480,CDN auto; measured source dimensions separate,Use larger existing original/derivative in feed when source supports it; no visual image change
343308,https://marquesasemijoias.com.br/produtos/colar-infantil-cereja-prata-925/,https://dcdn-us.mitiendanube.com/stores/005/134/350/products/design-sem-nome-zip-5-eba9d9de2cb397c4bf17585839187213-480-0.webp,480,CDN auto; measured source dimensions separate,Use larger existing original/derivative in feed when source supports it; no visual image change
331486,https://marquesasemijoias.com.br/produtos/pulseira-veneziana-bola-e-nossa-senhora-banho-de-ouro-18k/,https://dcdn-us.mitiendanube.com/stores/005/134/350/products/design-sem-nome-zip-3-0a8a83fc7192096e5217582326610004-480-0.webp,480,CDN auto; measured source dimensions separate,Use larger existing original/derivative in feed when source supports it; no visual image change
102793,https://marquesasemijoias.com.br/produtos/piecing-tragus-ponto-de-luz-prata-925/,https://dcdn-us.mitiendanube.com/stores/005/134/350/products/untitled-design-4-a11d6adbc24c4b737a17564588972680-480-0.webp,480,CDN auto; measured source dimensions separate,Use larger existing original/derivative in feed when source supports it; no visual image change
520642,https://marquesasemijoias.com.br/produtos/conjunto-circulo-e-zirconia-banho-de-ouro-18k-16fm6/,https://dcdn-us.mitiendanube.com/stores/005/134/350/products/sardinha-e-6-9d19839d0738bd618617766313847814-480-0.webp,480,CDN auto; measured source dimensions separate,Use larger existing original/derivative in feed when source supports it; no visual image change
254463,https://marquesasemijoias.com.br/produtos/berloque-separador-xicara-e-cafe-banho-de-prata-d2jln/,https://dcdn-us.mitiendanube.com/stores/005/134/350/products/design-sem-nome-1-3531d7edc3ed1bcd6117637391446254-480-0.webp,480,CDN auto; measured source dimensions separate,Use larger existing original/derivative in feed when source supports it; no visual image change
138903,https://marquesasemijoias.com.br/produtos/brinco-pequeno-trevo-madreperola-prata-925/,https://dcdn-us.mitiendanube.com/stores/005/134/350/products/design-sem-nome-zip-21-7dbe7cb9a0f8af08ba17583866241477-480-0.webp,480,CDN auto; measured source dimensions separate,Use larger existing original/derivative in feed when source supports it; no visual image change
474218,https://marquesasemijoias.com.br/produtos/colar-chave-coracao-cravejado-prata-925/,https://dcdn-us.mitiendanube.com/stores/005/134/350/products/design-sem-nome-zip-3-b4b1c5a2f6acbcbc8b17592405019023-480-0.webp,480,CDN auto; measured source dimensions separate,Use larger existing original/derivative in feed when source supports it; no visual image change
172645,https://marquesasemijoias.com.br/produtos/brinco-gota-cristal-p-banho-de-ouro-18k/,https://dcdn-us.mitiendanube.com/stores/005/134/350/products/design-sem-nome-11-f3d66a2702805a54ac17859845382790-480-0.webp,480,CDN auto; measured source dimensions separate,Use larger existing original/derivative in feed when source supports it; no visual image change
842149,https://marquesasemijoias.com.br/produtos/pulseira-coracao-zirconia-elos-laminado-banho-de-ouro-18k/,https://dcdn-us.mitiendanube.com/stores/005/134/350/products/7b5eedff-7242-4ba2-89ca-0c30e3265c09-342a730b1e8663e09f17582707243768-480-0.webp,480,CDN auto; measured source dimensions separate,Use larger existing original/derivative in feed when source supports it; no visual image change
128366,https://marquesasemijoias.com.br/produtos/dupla-de-argolas-hexagonal-lisa-banho-de-ouro-18k/,https://dcdn-us.mitiendanube.com/stores/005/134/350/products/a2a534bc-1126-4166-8084-45b3baf8f52b-290777675db514028317859828020651-480-0.webp,480,CDN auto; measured source dimensions separate,Use larger existing original/derivative in feed when source supports it; no visual image change
306594,https://marquesasemijoias.com.br/produtos/argola-media-torcida-banho-de-ouro-18k/,https://dcdn-us.mitiendanube.com/stores/005/134/350/products/1c187128-78a0-44ff-a697-dbc40ebf45fa-dfbef9262c853b728e17574436274484-480-0.webp,480,CDN auto; measured source dimensions separate,Use larger existing original/derivative in feed when source supports it; no visual image change
370571,https://marquesasemijoias.com.br/produtos/brinco-pequeno-osso-cravejado-prata-925/,https://dcdn-us.mitiendanube.com/stores/005/134/350/products/f8b54665-860d-4d4a-b2dc-ec1d870235ff-b95e1827c1e68c466017564936934545-480-0.webp,480,CDN auto; measured source dimensions separate,Use larger existing original/derivative in feed when source supports it; no visual image change
562633,https://marquesasemijoias.com.br/produtos/brinco-pequeno-gota-lisa-prata-925/,https://dcdn-us.mitiendanube.com/stores/005/134/350/products/cbf04d02-c043-47b5-b893-b02e71fc3237-0aa45d87569a10caeb17574444588799-480-0.webp,480,CDN auto; measured source dimensions separate,Use larger existing original/derivative in feed when source supports it; no visual image change
241194,https://marquesasemijoias.com.br/produtos/colar-esfera-oval-texturizada-banho-de-ouro-18k/,https://dcdn-us.mitiendanube.com/stores/005/134/350/products/design-sem-nome-f0e02a76c6e3da627a17582260198335-480-0.webp,480,CDN auto; measured source dimensions separate,Use larger existing original/derivative in feed when source supports it; no visual image change
279663,https://marquesasemijoias.com.br/produtos/berloque-celular-pendurado-banho-de-ouro-18k-lzhue/,https://dcdn-us.mitiendanube.com/stores/005/134/350/products/design-sem-nome-zip-14-472b132c042f12d1b017636660707449-480-0.webp,480,CDN auto; measured source dimensions separate,Use larger existing original/derivative in feed when source supports it; no visual image change
164834,https://marquesasemijoias.com.br/produtos/brinco-fio-passante-com-coracao-banho-de-ouro-18k/,https://dcdn-us.mitiendanube.com/stores/005/134/350/products/design-sem-nome-496c6861c2a7a3c97917860564448251-480-0.webp,480,CDN auto; measured source dimensions separate,Use larger existing original/derivative in feed when source supports it; no visual image change
797835,https://marquesasemijoias.com.br/produtos/pulseira-elo-portugues-sao-bento-banho-de-ouro-18k/,https://dcdn-us.mitiendanube.com/stores/005/134/350/products/design-sem-nome-zip-3-72f515fd4c53a3ff1917582336346725-480-0.webp,480,CDN auto; measured source dimensions separate,Use larger existing original/derivative in feed when source supports it; no visual image change
494180,https://marquesasemijoias.com.br/produtos/pulseira-relicario-medalha-sao-bento-banho-de-ouro-18k/?variant=1189324924&pf=mc,https://dcdn-us.mitiendanube.com/stores/005/134/350/products/dsc_0161-1a38fc2e1ed18fd36517459812985892-480-0.webp,480,CDN auto; measured source dimensions separate,Use larger existing original/derivative in feed when source supports it; no visual image change
179484,https://marquesasemijoias.com.br/produtos/brinco-gota-pequena-prata-925/,https://dcdn-us.mitiendanube.com/stores/005/134/350/products/design-sem-nome-zip-15-e1794cd55d71fd02cd17583576259873-480-0.webp,480,CDN auto; measured source dimensions separate,Use larger existing original/derivative in feed when source supports it; no visual image change
215199,https://marquesasemijoias.com.br/produtos/anel-infantil-coracao-e-zirconia-banho-de-ouro-18k-f5tuv/,https://dcdn-us.mitiendanube.com/stores/005/134/350/products/design-sem-nome-12-af746e902e755a05f217858654087322-480-0.webp,480,CDN auto; measured source dimensions separate,Use larger existing original/derivative in feed when source supports it; no visual image change
458893,https://marquesasemijoias.com.br/produtos/colar-casal-filhos-banho-de-ouro-18k/,https://dcdn-us.mitiendanube.com/stores/005/134/350/products/c537e92a-06ad-43b8-97f7-cc936f6cfed6-ccf0ace8c26884846917574381735329-480-0.webp,480,CDN auto; measured source dimensions separate,Use larger existing original/derivative in feed when source supports it; no visual image change
213363,https://marquesasemijoias.com.br/produtos/berloque-coca-cola-resinada-banho-de-prata-086md/,https://dcdn-us.mitiendanube.com/stores/005/134/350/products/design-sem-nome-zip-1-9b4119d40319c597da17636882286822-480-0.webp,480,CDN auto; measured source dimensions separate,Use larger existing original/derivative in feed when source supports it; no visual image change
346352,https://marquesasemijoias.com.br/produtos/anel-cobra-cravejada-banho-de-ouro-18k-788fs/,https://dcdn-us.mitiendanube.com/stores/005/134/350/products/design-sem-nome-10-0371ba7fff5c8af15017858661543177-480-0.webp,480,CDN auto; measured source dimensions separate,Use larger existing original/derivative in feed when source supports it; no visual image change
185288,https://marquesasemijoias.com.br/produtos/argola-click-fina-pequena-zirconias-prata-925/,https://dcdn-us.mitiendanube.com/stores/005/134/350/products/design-sem-nome-zip-2-2d726a7dcb0cf0d6a117585838983378-480-0.webp,480,CDN auto; measured source dimensions separate,Use larger existing original/derivative in feed when source supports it; no visual image change
337770,https://marquesasemijoias.com.br/produtos/colar-choker-rivieratres-pontas-banho-de-ouro-18k-pzvun/,https://dcdn-us.mitiendanube.com/stores/005/134/350/products/design-sem-nome-zip-1-0b88c89ab6bcc1698517582319966855-480-0.webp,480,CDN auto; measured source dimensions separate,Use larger existing original/derivative in feed when source supports it; no visual image change
324092,https://marquesasemijoias.com.br/produtos/pulseira-esfera-quadrada-banho-de-ouro-18k/,https://dcdn-us.mitiendanube.com/stores/005/134/350/products/da408d11-b12d-4e58-a176-200917c4decc-ce9c1c231ad5e2b12f17574503325986-480-0.webp,480,CDN auto; measured source dimensions separate,Use larger existing original/derivative in feed when source supports it; no visual image change
492173,https://marquesasemijoias.com.br/produtos/colar-coracao-rubi-cravejado-prata-925/,https://dcdn-us.mitiendanube.com/stores/005/134/350/products/design-sem-nome-zip-7-accec9829d0160bc7a17583930816503-480-0.webp,480,CDN auto; measured source dimensions separate,Use larger existing original/derivative in feed when source supports it; no visual image change
306886,https://marquesasemijoias.com.br/produtos/colar-redondo-pizza-cravejado-prata-925/?variant=1189344036&pf=mc,https://dcdn-us.mitiendanube.com/stores/005/134/350/products/dsc_0161-dfcaca1b16440b4b9517459501877084-480-0.webp,480,CDN auto; measured source dimensions separate,Use larger existing original/derivative in feed when source supports it; no visual image change
467183,https://marquesasemijoias.com.br/produtos/anel-minimalista-cruz-prata-925/,https://dcdn-us.mitiendanube.com/stores/005/134/350/products/36c0344f-ba56-4558-8c29-adab105896ad-efa374be374d56d20717564587569784-480-0.webp,480,CDN auto; measured source dimensions separate,Use larger existing original/derivative in feed when source supports it; no visual image change
399293,https://marquesasemijoias.com.br/produtos/pulseira-infantil-masculina-grume-banho-de-prata-xfpd0/,https://dcdn-us.mitiendanube.com/stores/005/134/350/products/design-sem-nome-zip-10-1792fc0460d7a283d117624235878119-480-0.webp,480,CDN auto; measured source dimensions separate,Use larger existing original/derivative in feed when source supports it; no visual image change
895766,https://marquesasemijoias.com.br/produtos/pulseira-malha-banho-de-ouro-18k/,https://dcdn-us.mitiendanube.com/stores/005/134/350/products/design-sem-nome-zip-6-27610d6faa8f94fba117563929864575-480-0.webp,480,CDN auto; measured source dimensions separate,Use larger existing original/derivative in feed when source supports it; no visual image change
956144,https://marquesasemijoias.com.br/produtos/tornozeleira-elo-coracao-banho-de-rodio-branco/,https://dcdn-us.mitiendanube.com/stores/005/134/350/products/c51cf810-8faa-4597-a004-31911b882cc6-d8dacfdd09f977074117564586974478-480-0.webp,480,CDN auto; measured source dimensions separate,Use larger existing original/derivative in feed when source supports it; no visual image change
387876,https://marquesasemijoias.com.br/produtos/anel-solitario-com-pedra-de-zirconia-prata-9251/,https://dcdn-us.mitiendanube.com/stores/005/134/350/products/design-sem-nome-2fa9ec2c10e81b176c17564952144511-480-0.webp,480,CDN auto; measured source dimensions separate,Use larger existing original/derivative in feed when source supports it; no visual image change
582669,https://marquesasemijoias.com.br/produtos/anel-zirconia-baguetes-coloridas-banho-de-ouro-18k-r3vmd/,https://dcdn-us.mitiendanube.com/stores/005/134/350/products/e86d0373-ea78-47cc-a89d-d04e761ccc5f-b1ba645397ac8ac99017726980073973-480-0.webp,480,CDN auto; measured source dimensions separate,Use larger existing original/derivative in feed when source supports it; no visual image change
292234,https://marquesasemijoias.com.br/produtos/berloque-borboleta-cristal-banho-de-prata-okj8x/,https://dcdn-us.mitiendanube.com/stores/005/134/350/products/design-sem-nome-zip-3-fc6f7de9bbdf93c3f217636564639895-480-0.webp,480,CDN auto; measured source dimensions separate,Use larger existing original/derivative in feed when source supports it; no visual image change
508946,https://marquesasemijoias.com.br/produtos/pulseira-dupla-7iffa/,https://dcdn-us.mitiendanube.com/stores/005/134/350/products/sardinha-e-4-5f3a148b1805db8c1317725832791340-480-0.webp,480,CDN auto; measured source dimensions separate,Use larger existing original/derivative in feed when source supports it; no visual image change
152261,https://marquesasemijoias.com.br/produtos/brinco-coracao-vazado-com-perola-banho-de-ouro-18k/,https://dcdn-us.mitiendanube.com/stores/005/134/350/products/861191cb-349b-4d1b-86b9-3b936eaf9913-ce3c76c8821324ca8617859818389775-480-0.webp,480,CDN auto; measured source dimensions separate,Use larger existing original/derivative in feed when source supports it; no visual image change
322736,https://marquesasemijoias.com.br/produtos/pulseira-nossa-senhora-das-gracas-e-cruz-banho-de-ouro-18k/?variant=1291108666&pf=mc,https://dcdn-us.mitiendanube.com/stores/005/134/350/products/design-sem-nome-zip-4-7fc74247e12180814917582330105783-480-0.webp,480,CDN auto; measured source dimensions separate,Use larger existing original/derivative in feed when source supports it; no visual image change
269206,https://marquesasemijoias.com.br/produtos/berloque-separador-brigadeiro-banho-de-ouro-18k-pdmb1/,https://dcdn-us.mitiendanube.com/stores/005/134/350/products/design-sem-nome-6-3afd201b94a01ec66217637391306558-480-0.webp,480,CDN auto; measured source dimensions separate,Use larger existing original/derivative in feed when source supports it; no visual image change
684750,https://marquesasemijoias.com.br/produtos/pulseira-tres-quadrado-banho-de-ouro-18k/,https://dcdn-us.mitiendanube.com/stores/005/134/350/products/6bedac88-1667-4b7c-b869-b8bf7e9efbf7-e786069174232430c917576801422830-480-0.webp,480,CDN auto; measured source dimensions separate,Use larger existing original/derivative in feed when source supports it; no visual image change
376199,https://marquesasemijoias.com.br/produtos/colar-borboleta-preto-banho-de-ouro-18k/,https://dcdn-us.mitiendanube.com/stores/005/134/350/products/design-sem-nome-zip-2-a73d3b8f26434bd4c717580990275566-480-0.webp,480,CDN auto; measured source dimensions separate,Use larger existing original/derivative in feed when source supports it; no visual image change
958365,https://marquesasemijoias.com.br/produtos/colar-nossa-senhora-dupla-face-banho-de-ouro-18k-1hkvd/,https://dcdn-us.mitiendanube.com/stores/005/134/350/products/9b23f88a-9b34-4a6a-8f00-9d7d8d85b167-6435c0812afaf18d8b17749738506848-480-0.webp,480,CDN auto; measured source dimensions separate,Use larger existing original/derivative in feed when source supports it; no visual image change
496581,https://marquesasemijoias.com.br/produtos/colar-flor-cravejada-zirconias-prata-925/,https://dcdn-us.mitiendanube.com/stores/005/134/350/products/design-sem-nome-zip-23-b5f65755a95bb0fb5917583875026102-480-0.webp,480,CDN auto; measured source dimensions separate,Use larger existing original/derivative in feed when source supports it; no visual image change
237938,https://marquesasemijoias.com.br/produtos/berloque-coracao-familia-banho-de-ouro-18k-tengk/,https://dcdn-us.mitiendanube.com/stores/005/134/350/products/design-sem-nome-zip-2-0081564590b629caee17636480573417-480-0.webp,480,CDN auto; measured source dimensions separate,Use larger existing original/derivative in feed when source supports it; no visual image change
287389,https://marquesasemijoias.com.br/produtos/berloque-instagram-separador-banho-de-ouro-18k-8vr67/,https://dcdn-us.mitiendanube.com/stores/005/134/350/products/design-sem-nome-2-70db9b8c9ab58de50717637392119837-480-0.webp,480,CDN auto; measured source dimensions separate,Use larger existing original/derivative in feed when source supports it; no visual image change
637628,https://marquesasemijoias.com.br/produtos/colar-snake-banho-de-ouro-18k/,https://dcdn-us.mitiendanube.com/stores/005/134/350/products/design-sem-nome-zip-8-df3edbacb7d76e874517582337387130-480-0.webp,480,CDN auto; measured source dimensions separate,Use larger existing original/derivative in feed when source supports it; no visual image change
104777,https://marquesasemijoias.com.br/produtos/brinco-ponto-de-luz-7mm-prata-925/,https://dcdn-us.mitiendanube.com/stores/005/134/350/products/design-sem-nome-zip-3-ea98beb07a8f91533a17585533356556-480-0.webp,480,CDN auto; measured source dimensions separate,Use larger existing original/derivative in feed when source supports it; no visual image change
436815,https://marquesasemijoias.com.br/produtos/anel-zig-zag-com-folhas-prata-925/,https://dcdn-us.mitiendanube.com/stores/005/134/350/products/design-sem-nome-zip-2-bd69e2b9c67c7ff44617564946146208-480-0.webp,480,CDN auto; measured source dimensions separate,Use larger existing original/derivative in feed when source supports it; no visual image change
637629,https://marquesasemijoias.com.br/produtos/colar-casal-menina-rosa-e-menino-azul-prata-925-1ioe0/,https://dcdn-us.mitiendanube.com/stores/005/134/350/products/sardinha-e-5-06d31540f983a2ac2517768071536475-480-0.webp,480,CDN auto; measured source dimensions separate,Use larger existing original/derivative in feed when source supports it; no visual image change
191909,https://marquesasemijoias.com.br/produtos/brinco-gota-dupla-media-banho-de-ouro-18k/,https://dcdn-us.mitiendanube.com/stores/005/134/350/products/design-sem-nome-3-4d4b5633f969a23b3b17859842004689-480-0.webp,480,CDN auto; measured source dimensions separate,Use larger existing original/derivative in feed when source supports it; no visual image change
674983,https://marquesasemijoias.com.br/produtos/colar-gargantilha-coracao-vazado-cravejado-prata-925-8m1hs/,https://dcdn-us.mitiendanube.com/stores/005/134/350/products/design-sem-nome-2-b6c9c14d014e36439917858512071311-480-0.webp,480,CDN auto; measured source dimensions separate,Use larger existing original/derivative in feed when source supports it; no visual image change
443163,https://marquesasemijoias.com.br/produtos/colar-menino-cravejado-banho-de-ouro-18k-1tpxl/,https://dcdn-us.mitiendanube.com/stores/005/134/350/products/sardinha-e-4-3e555e1b1c109a481317768068743884-480-0.webp,480,CDN auto; measured source dimensions separate,Use larger existing original/derivative in feed when source supports it; no visual image change
243482,https://marquesasemijoias.com.br/produtos/pulseira-elos-maxi-banho-de-ouro-18k/,https://dcdn-us.mitiendanube.com/stores/005/134/350/products/design-sem-nome-zip-1-e582fe3484ec1774ac17563284328265-480-0.webp,480,CDN auto; measured source dimensions separate,Use larger existing original/derivative in feed when source supports it; no visual image change
371752,https://marquesasemijoias.com.br/produtos/colar-maxi-organico-mocha-mousse-banho-de-ouro-18k/,https://dcdn-us.mitiendanube.com/stores/005/134/350/products/2f32a4c6-31b9-4cbd-8e89-f7100c5564fc-bb792eef1489ac71ad17563324455685-480-0.webp,480,CDN auto; measured source dimensions separate,Use larger existing original/derivative in feed when source supports it; no visual image change
197702,https://marquesasemijoias.com.br/produtos/brinco-coracao-grande-vazado-banho-de-ouro-18k/,https://dcdn-us.mitiendanube.com/stores/005/134/350/products/df9986c4-82fa-4719-81d7-0f9d29fe63c5-69ce45c3b3837c093617859820006790-480-0.webp,480,CDN auto; measured source dimensions separate,Use larger existing original/derivative in feed when source supports it; no visual image change
610901,https://marquesasemijoias.com.br/produtos/colar-lua-cravejada-prata-925-1t6z7/,https://dcdn-us.mitiendanube.com/stores/005/134/350/products/9c8a996d-5b63-4a23-b80a-5141a9300940-274b0298a670b226b117811036142201-480-0.webp,480,CDN auto; measured source dimensions separate,Use larger existing original/derivative in feed when source supports it; no visual image change
416368,https://marquesasemijoias.com.br/produtos/pulseira-esfera-maior-e-menor-banho-de-ouro-18k/,https://dcdn-us.mitiendanube.com/stores/005/134/350/products/design-sem-nome-10b0bde816fe8beeda17582703828223-480-0.webp,480,CDN auto; measured source dimensions separate,Use larger existing original/derivative in feed when source supports it; no visual image change
139984,https://marquesasemijoias.com.br/produtos/dupla-de-esferas-banho-de-ouro-18k-11jox/,https://dcdn-us.mitiendanube.com/stores/005/134/350/products/untitled-design-78dcbe77081012516c17861114160002-480-0.webp,480,CDN auto; measured source dimensions separate,Use larger existing original/derivative in feed when source supports it; no visual image change
278181,https://marquesasemijoias.com.br/produtos/colar-nossa-senhora-zirconias-incolor-prata-925-10c8k/,https://dcdn-us.mitiendanube.com/stores/005/134/350/products/364fa70b-844a-4e3d-93fa-c6d08d5965cc-f417139680bb53672d17749739917488-480-0.webp,480,CDN auto; measured source dimensions separate,Use larger existing original/derivative in feed when source supports it; no visual image change
737010,https://marquesasemijoias.com.br/produtos/pulseira-folhas-duplas-texturizada-banho-de-ouro-18k/,https://dcdn-us.mitiendanube.com/stores/005/134/350/products/8032f3fe-4b40-4298-b9cc-019c150caff8-17742cc48d29ba01e017574421333048-480-0.webp,480,CDN auto; measured source dimensions separate,Use larger existing original/derivative in feed when source supports it; no visual image change
273970,https://marquesasemijoias.com.br/produtos/pingente-e-separador-menina-zirconia-banho-de-prata-coxwl/,https://dcdn-us.mitiendanube.com/stores/005/134/350/products/042110e6-397b-41e4-917a-dc356c7af2b1-06be0c3a702fb4796117768022241444-480-0.webp,480,CDN auto; measured source dimensions separate,Use larger existing original/derivative in feed when source supports it; no visual image change
637620,https://marquesasemijoias.com.br/produtos/pulseira-snake-banho-de-ouro-18k/,https://dcdn-us.mitiendanube.com/stores/005/134/350/products/39b62353-43d2-46af-a464-7f0154e743c2-9f38e2e738c9ea866817574496130499-480-0.webp,480,CDN auto; measured source dimensions separate,Use larger existing original/derivative in feed when source supports it; no visual image change
224554,https://marquesasemijoias.com.br/produtos/colar-gargantilha-ramo-ondulado-cravejado-prata-925-6lvvy/,https://dcdn-us.mitiendanube.com/stores/005/134/350/products/aa0b3357-5139-43d7-a865-51b55dc06eea-156ba83599760e65f217768068936678-480-0.webp,480,CDN auto; measured source dimensions separate,Use larger existing original/derivative in feed when source supports it; no visual image change
416288,https://marquesasemijoias.com.br/produtos/cordao-baiano-pingente-coracao-vazado-prata-925/,https://dcdn-us.mitiendanube.com/stores/005/134/350/products/design-sem-nome-zip-1-fbbf1c14d164d56b1317568008233757-480-0.webp,480,CDN auto; measured source dimensions separate,Use larger existing original/derivative in feed when source supports it; no visual image change
997619,https://marquesasemijoias.com.br/produtos/conjunto-coracao-cravejado-banho-de-ouro-18k-rbs0n/,https://dcdn-us.mitiendanube.com/stores/005/134/350/products/sardinha-e-76b2cae32b4e002ccf17811024834760-480-0.webp,480,CDN auto; measured source dimensions separate,Use larger existing original/derivative in feed when source supports it; no visual image change
293386,https://marquesasemijoias.com.br/produtos/colar-pata-zirconias-cravejadas-prata-925/,https://dcdn-us.mitiendanube.com/stores/005/134/350/products/design-sem-nome-cd7304a33dd9ba2c6e17585583214505-480-0.webp,480,CDN auto; measured source dimensions separate,Use larger existing original/derivative in feed when source supports it; no visual image change
796881,https://marquesasemijoias.com.br/produtos/berloque-letra-i-banho-de-ouro-18k/,https://dcdn-us.mitiendanube.com/stores/005/134/350/products/design-sem-nome-zip-14-dcca5293b88a0306a617592428404110-480-0.webp,480,CDN auto; measured source dimensions separate,Use larger existing original/derivative in feed when source supports it; no visual image change
210396,https://marquesasemijoias.com.br/produtos/anel-aparador-cravejado-regulavel-banho-de-ouro-18k-1qvfe/,https://dcdn-us.mitiendanube.com/stores/005/134/350/products/86bc20fe-1a4b-44c1-8237-ff06720fff57-4d33c33704ef48ead317767867201698-480-0.webp,480,CDN auto; measured source dimensions separate,Use larger existing original/derivative in feed when source supports it; no visual image change
265064,https://marquesasemijoias.com.br/produtos/pulseira-elo-portugues-com-fecho-coracao-zirconias-banho-de-ouro-18k/,https://dcdn-us.mitiendanube.com/stores/005/134/350/products/design-sem-nome-zip-6-bbea53e782128e897d17609878866862-480-0.webp,480,CDN auto; measured source dimensions separate,Use larger existing original/derivative in feed when source supports it; no visual image change
696179,https://marquesasemijoias.com.br/produtos/pulseira-elos-grandes-banho-de-ouro-18k/,https://dcdn-us.mitiendanube.com/stores/005/134/350/products/design-sem-nome-zip-1-efd4a21f677e3e521817578896756996-480-0.webp,480,CDN auto; measured source dimensions separate,Use larger existing original/derivative in feed when source supports it; no visual image change
401160,https://marquesasemijoias.com.br/produtos/colar-nossa-senhora-aparecida-zirconias-azuis-prata-925/,https://dcdn-us.mitiendanube.com/stores/005/134/350/products/design-sem-nome-92d5b4efaf727f8b8917567127025223-480-0.webp,480,CDN auto; measured source dimensions separate,Use larger existing original/derivative in feed when source supports it; no visual image change
598473,https://marquesasemijoias.com.br/produtos/colar-flor-tigiw/,https://dcdn-us.mitiendanube.com/stores/005/134/350/products/sardinha-e-1-10b197b2d67892112917725830243992-480-0.webp,480,CDN auto; measured source dimensions separate,Use larger existing original/derivative in feed when source supports it; no visual image change
719239,https://marquesasemijoias.com.br/produtos/pulseira-elo-oval-laminado-banho-de-ouro-18k/?variant=1291108684&pf=mc,https://dcdn-us.mitiendanube.com/stores/005/134/350/products/design-sem-nome-zip-3-58cc63457836d8bc6a17582331893652-480-0.webp,480,CDN auto; measured source dimensions separate,Use larger existing original/derivative in feed when source supports it; no visual image change
557608,https://marquesasemijoias.com.br/produtos/colar-longo-arvore-da-vida-zirconias-banho-de-ouro-18k-o8vv3/,https://dcdn-us.mitiendanube.com/stores/005/134/350/products/b807ec74-db77-43fc-9cd9-162577fe4277-81b2fbe182e1fd6adc17749740067004-480-0.webp,480,CDN auto; measured source dimensions separate,Use larger existing original/derivative in feed when source supports it; no visual image change
174404,https://marquesasemijoias.com.br/produtos/brinco-ponto-de-luz-banho-de-ouro-18k/?variant=1291107502&pf=mc,https://dcdn-us.mitiendanube.com/stores/005/134/350/products/design-sem-nome-zip-3-e31c80a6bc2b74cde317579228741492-480-0.webp,480,CDN auto; measured source dimensions separate,Use larger existing original/derivative in feed when source supports it; no visual image change
352008,https://marquesasemijoias.com.br/produtos/anel-duas-linhas-cravejadas-banho-de-ouro-18k-1mhxc/,https://dcdn-us.mitiendanube.com/stores/005/134/350/products/design-sem-nome-11-cfda56010fa2f21bcb17858661713615-480-0.webp,480,CDN auto; measured source dimensions separate,Use larger existing original/derivative in feed when source supports it; no visual image change
623779,https://marquesasemijoias.com.br/produtos/colar-masculino-cartie-longa-banho-de-ouro-18k-dbek4/,https://dcdn-us.mitiendanube.com/stores/005/134/350/products/sardinha-e-3-a942e497d8f7f8a2ce17811037071422-480-0.webp,480,CDN auto; measured source dimensions separate,Use larger existing original/derivative in feed when source supports it; no visual image change
710161,https://marquesasemijoias.com.br/produtos/colar-longo-arvore-da-vida-banho-de-ouro-18k-fx6wg/,https://dcdn-us.mitiendanube.com/stores/005/134/350/products/sardinha-e-4-c57380a64caf21829917803554268857-480-0.webp,480,CDN auto; measured source dimensions separate,Use larger existing original/derivative in feed when source supports it; no visual image change
464293,https://marquesasemijoias.com.br/produtos/colar-oval-rubi-cravejado-prata-925/,https://dcdn-us.mitiendanube.com/stores/005/134/350/products/design-sem-nome-zip-1-1be2ca6e6319340c4517583872428260-480-0.webp,480,CDN auto; measured source dimensions separate,Use larger existing original/derivative in feed when source supports it; no visual image change
266104,https://marquesasemijoias.com.br/produtos/berloque-abelha-e-frase-banho-de-prata-q5was/,https://dcdn-us.mitiendanube.com/stores/005/134/350/products/design-sem-nome-5-01c51d16d21dd0bd8517637360273168-480-0.webp,480,CDN auto; measured source dimensions separate,Use larger existing original/derivative in feed when source supports it; no visual image change
513934,https://marquesasemijoias.com.br/produtos/pulseira-dois-coracoes-cravejados-prata-925/,https://dcdn-us.mitiendanube.com/stores/005/134/350/products/design-sem-nome-cca47a533abfc39b9f17574441508074-480-0.webp,480,CDN auto; measured source dimensions separate,Use larger existing original/derivative in feed when source supports it; no visual image change
568444,https://marquesasemijoias.com.br/produtos/anel-oval-vazado-cravejado-banho-de-ouro-18k/,https://dcdn-us.mitiendanube.com/stores/005/134/350/products/f9cd923a-f8a5-4cc6-aacf-2e46288d0a4b-253894591200a32ed717563404624425-480-0.webp,480,CDN auto; measured source dimensions separate,Use larger existing original/derivative in feed when source supports it; no visual image change
213932,https://marquesasemijoias.com.br/produtos/pulseira-nossa-senhora-das-gracas-banho-de-ouro-18k/,https://dcdn-us.mitiendanube.com/stores/005/134/350/products/fd74d251-7a28-40d5-822e-b91fd2dd3b26-700057457912e89d1617582326104362-480-0.webp,480,CDN auto; measured source dimensions separate,Use larger existing original/derivative in feed when source supports it; no visual image change
199967,https://marquesasemijoias.com.br/produtos/argola-quadrada-lisa-prata-925/,https://dcdn-us.mitiendanube.com/stores/005/134/350/products/design-sem-nome-zip-2-1d2984abd37ba2583d17585541174853-480-0.webp,480,CDN auto; measured source dimensions separate,Use larger existing original/derivative in feed when source supports it; no visual image change
326603,https://marquesasemijoias.com.br/produtos/pulseira-trabalhada-grande-banho-de-ouro-18k/,https://dcdn-us.mitiendanube.com/stores/005/134/350/products/design-sem-nome-85097a48a0543167e817563930237433-480-0.webp,480,CDN auto; measured source dimensions separate,Use larger existing original/derivative in feed when source supports it; no visual image change
360654,https://marquesasemijoias.com.br/produtos/colar-maxi-organico-madreperola-banho-de-ouro-18k/,https://dcdn-us.mitiendanube.com/stores/005/134/350/products/b94ebe0c-d4f0-4f9e-a2f6-90bd785dfb49-8d751a02ae13d3715217563327290706-480-0.webp,480,CDN auto; measured source dimensions separate,Use larger existing original/derivative in feed when source supports it; no visual image change
310853,https://marquesasemijoias.com.br/produtos/anel-coracao-regulavel-banho-de-ouro-18k-jcm7d/,https://dcdn-us.mitiendanube.com/stores/005/134/350/products/design-sem-nome-zip-7-e7f770153bf2d4743017636485292335-480-0.webp,480,CDN auto; measured source dimensions separate,Use larger existing original/derivative in feed when source supports it; no visual image change
275818,https://marquesasemijoias.com.br/produtos/anel-prego-cravejado-banho-de-ouro-18k-tug15/,https://dcdn-us.mitiendanube.com/stores/005/134/350/products/design-sem-nome-6c08fb84a329ac761d17858660469993-480-0.webp,480,CDN auto; measured source dimensions separate,Use larger existing original/derivative in feed when source supports it; no visual image change
848725,https://marquesasemijoias.com.br/produtos/pulseira-elos-forma-de-u-banho-de-prata/,https://dcdn-us.mitiendanube.com/stores/005/134/350/products/design-sem-nome-3d7249b1c2e5d7823717575908796069-480-0.webp,480,CDN auto; measured source dimensions separate,Use larger existing original/derivative in feed when source supports it; no visual image change
148179,https://marquesasemijoias.com.br/produtos/argola-quadrada-lisa-banho-de-ouro-18k/?variant=1291107758&pf=mc,https://dcdn-us.mitiendanube.com/stores/005/134/350/products/design-sem-nome-zip-6-3494b7693ac97864fc17580526402901-480-0.webp,480,CDN auto; measured source dimensions separate,Use larger existing original/derivative in feed when source supports it; no visual image change
661664,https://marquesasemijoias.com.br/produtos/pulseira-elos-cartie-banho-de-prata/?variant=1256861608&pf=mc,https://dcdn-us.mitiendanube.com/stores/005/134/350/products/ee8180a9-43cd-4fd1-8b7a-58411f5ac892-76662dc596cb57bec517575848115998-480-0.webp,480,CDN auto; measured source dimensions separate,Use larger existing original/derivative in feed when source supports it; no visual image change
303554,https://marquesasemijoias.com.br/produtos/pulseira-de-berloques-fecho-coracao-banho-de-ouro-18k-dve22/,https://dcdn-us.mitiendanube.com/stores/005/134/350/products/design-sem-nome-zip-14-6dbdc1cf5e31f748e017634045849953-480-0.webp,480,CDN auto; measured source dimensions separate,Use larger existing original/derivative in feed when source supports it; no visual image change
902757,https://marquesasemijoias.com.br/produtos/anel-coracao-grande-vazado-prata-925/,https://dcdn-us.mitiendanube.com/stores/005/134/350/products/design-sem-nome-zip-5-0e830c5619f3a389a117564851422692-480-0.webp,480,CDN auto; measured source dimensions separate,Use larger existing original/derivative in feed when source supports it; no visual image change
287151,https://marquesasemijoias.com.br/produtos/colar-choker-riviera-azul-tres-pontas-banho-de-ouro-18k/,https://dcdn-us.mitiendanube.com/stores/005/134/350/products/design-sem-nome-zip-6-591836b11672fc6fe217582320205102-480-0.webp,480,CDN auto; measured source dimensions separate,Use larger existing original/derivative in feed when source supports it; no visual image change
344122,https://marquesasemijoias.com.br/produtos/conjunto-redondo-com-zirconias-banho-de-ouro-18k-1b6xn/,https://dcdn-us.mitiendanube.com/stores/005/134/350/products/sardinha-e-7-49a2d902b15576f8da17768046638116-480-0.webp,480,CDN auto; measured source dimensions separate,Use larger existing original/derivative in feed when source supports it; no visual image change
114769,https://marquesasemijoias.com.br/produtos/brinco-infantil-melancia-prata-925/,https://dcdn-us.mitiendanube.com/stores/005/134/350/products/design-sem-nome-zip-1-1d19ad4a7dbdb5642017567108733996-480-0.webp,480,CDN auto; measured source dimensions separate,Use larger existing original/derivative in feed when source supports it; no visual image change
486476,https://marquesasemijoias.com.br/produtos/pulseira-fita-laminada-banho-de-ouro-18k/,https://dcdn-us.mitiendanube.com/stores/005/134/350/products/design-sem-nome-cc14cd70a0097ce72817574455680838-480-0.webp,480,CDN auto; measured source dimensions separate,Use larger existing original/derivative in feed when source supports it; no visual image change
257481,https://marquesasemijoias.com.br/produtos/berloque-separador-coracao-banho-de-prata-v7k1p/,https://dcdn-us.mitiendanube.com/stores/005/134/350/products/design-sem-nome-zip-18-f44169e20d54ad8eb817631063310600-480-0.webp,480,CDN auto; measured source dimensions separate,Use larger existing original/derivative in feed when source supports it; no visual image change
291572,https://marquesasemijoias.com.br/produtos/anel-aparador-de-alianca-cravejado-prata-925/,https://dcdn-us.mitiendanube.com/stores/005/134/350/products/untitled-design-377e6406b4ce95151517565000344248-480-0.webp,480,CDN auto; measured source dimensions separate,Use larger existing original/derivative in feed when source supports it; no visual image change
494433,https://marquesasemijoias.com.br/produtos/pulseira-zirconias-coloridas-fecho-regulavel-banho-de-ouro-18k/,https://dcdn-us.mitiendanube.com/stores/005/134/350/products/sardinha-e-1-9364c346623a2f903117676536511957-480-0.webp,480,CDN auto; measured source dimensions separate,Use larger existing original/derivative in feed when source supports it; no visual image change
287484,https://marquesasemijoias.com.br/produtos/pulseira-bolinhas-lisas-prata-925/,https://dcdn-us.mitiendanube.com/stores/005/134/350/products/74a01897-6dc7-4f9d-b3d5-f39a289d5ead-43d570e59a3e52809217567111547885-480-0.webp,480,CDN auto; measured source dimensions separate,Use larger existing original/derivative in feed when source supports it; no visual image change
191908,https://marquesasemijoias.com.br/produtos/brinco-gota-dupla-pequena-banho-de-ouro-18k/,https://dcdn-us.mitiendanube.com/stores/005/134/350/products/design-sem-nome-4-ab84b0f40b2ad4229c17859840398243-480-0.webp,480,CDN auto; measured source dimensions separate,Use larger existing original/derivative in feed when source supports it; no visual image change
